ID,Title,Seller,Seller Country,Seller Level,Rating,Review Count,Starting Price ($),Delivery Days,Is Promoted,Fiverr Choice,URL
376816048,"do shopify website design, create shopify store, or shopify dropshipping store","miahs05",BD,top_rated_seller,5,647,0.46,3,NO,YES,"https://www.fiverr.com/miahs05/shopify-website-design-create-shopify-store-or-shopify-dropshipping-store"
459586792,"develop shopify store design redesign shopify store development website design","aromaahmad329",PK,level_two_seller,4.7134504,57,0.28,5,NO,NO,"https://www.fiverr.com/aromaahmad329/create-a-beauty-brand-content-kit-with-posts-captions-and-hashtags"
473933471,"build shopify store design, shopify dropshipping store, shopify website","ui_space1",BD,level_two_seller,5,59,0.29,3,NO,NO,"https://www.fiverr.com/ui_space1/design-clickbait-attractive-youtube-thumbnail"
127213890,"build your professional dropshipping shopify store","nickjohnson1",SI,top_rated_seller,4.9656243,2915,1.01,5,NO,NO,"https://www.fiverr.com/nickjohnson1/build-your-professional-dropshipping-shopify-store"
109773934,"design and develop a high converting shopify website","jidesigns",AU,top_rated_seller,4.8996415,49,5.16,5,NO,NO,"https://www.fiverr.com/jidesigns/create-a-stunning-and-modern-shopify-website"
124160122,"design professional shopify store, shopify website","saad_coder",PK,level_two_seller,4.980826,609,0.07,2,NO,NO,"https://www.fiverr.com/saad_coder/design-professional-shopify-store-shopify-website"
336860822,"set up shopify store","eshaal_fatima2",PK,level_two_seller,4.6846848,139,0.1,2,NO,NO,"https://www.fiverr.com/eshaal_fatima2/set-up-shopify-store"
138789613,"develop, design and build your shopify store or shopify website","noorahmed007",PK,top_rated_seller,4.930153,2204,0.41,3,NO,NO,"https://www.fiverr.com/noorahmed007/create-customize-and-manage-your-shopify-business-site"
437599956,"build shopify store, design or redesign shopify website, copy dropshipping store","vikrant6769",IN,level_two_seller,4.8786006,157,0.34,2,NO,NO,"https://www.fiverr.com/vikrant6769/build-shopify-website-design-or-redesign-shopify-store-dropshipping-store"
185359427,"build you a ready to sell dropshipping shopify store","divishha",IN,top_rated_seller,4.9385533,6513,0.41,3,NO,NO,"https://www.fiverr.com/divishha/create-shopify-dropshipping-store-shopify-website"
455524537,"develop shopify dropshipping store, manage shopify website virtual assistant","shopwebdev",US,level_two_seller,4.9012346,93,0.1,2,NO,NO,"https://www.fiverr.com/shopwebdev/create-develop-shopify-dropshipping-website-seo-store-design-virtual-assistant"
181931856,"do shopify store design, shopify website or dropshipping store","wokaya",US,level_two_seller,4.9337897,1183,0.38,5,NO,NO,"https://www.fiverr.com/wokaya/create-shopify-dropshipping-store"
499334475,"build design, redesign shopify store or dropshipping shopify website","muhammadsamir0",PK,new_seller,5,10,0.1,3,NO,NO,"https://www.fiverr.com/muhammadsamir0/build-design-redesign-shopify-website-or-dropshipping-shopify-store"
467729702,"clone, build, redesign, design shopify website or  design shopify store","muhammad_sami44",PK,level_one_seller,5,21,0.21,2,NO,NO,"https://www.fiverr.com/muhammad_sami44/clone-build-design-redesign-shopify-website-and-dropshipping-shopify-store"
280243937,"make 20k high converting shopify passive income dropshipping store","shopify50k_sale",BD,level_two_seller,4.964286,25,0.1,5,NO,NO,"https://www.fiverr.com/shopify50k_sale/create-one-product-shopify-dropshipping-store-or-shopify-website"
391699693,"high converting shopify store design, redesign, and customization,shopify expert","rimsha1g",PK,level_one_seller,4.964286,27,0.1,3,NO,NO,"https://www.fiverr.com/rimsha1g/design-redesign-shopify-dropshipping-store-and-marketing"
474534236,"build one product shopify store, shopify product page by pagefly,gempages,replo","dev_sharif_",BD,level_two_seller,4.814815,45,0.12,1,NO,NO,"https://www.fiverr.com/dev_sharif_/build-one-product-shopify-store-shopify-product-page-by-pagefly-gempages-replo"
307806166,"do shopify store design and redesign shopify store","lily_crown144",NG,level_one_seller,4.9166665,168,0.1,2,NO,NO,"https://www.fiverr.com/lily_crown144/shopify-design-shopify-website-redesign-redesign-shopify-shopify-store"
491685944,"build shopify website, design or redesign shopify store, dropshipping store","brandwithsarah",PK,level_two_seller,4.988506,29,0.28,3,NO,NO,"https://www.fiverr.com/brandwithsarah/build-shopify-website-design-or-redesign-shopify-store-dropshipping-store"
476168031,"build shopify store design, shopify dropshipping store, shopify website design","onlyecomm",SA,level_two_seller,4.964286,56,0.28,2,NO,NO,"https://www.fiverr.com/onlyecomm/build-shopify-website-design-or-automated-ecommerce-shopify-dropshipping-store-5fd5"
491181346,"design and develop shopify store as ecommerece store expert","syedmuhammad921",US,level_two_seller,4.9,1,0.5,3,NO,NO,"https://www.fiverr.com/syedmuhammad921/build-and-design-a-responsive-shopify-store-ready-for-sales-with-winning-design"
441519845,"be your shopify expert for custom coding and store design","raee_faisal",PK,level_two_seller,5,25,0.28,2,NO,NO,"https://www.fiverr.com/raee_faisal/be-your-shopify-expert-for-theme-customization-and-bug-fixing"
490663394,"build shopify store design, redesign shopify website, and custom shopify store","shopifycraft0_",BD,new_seller,5,2,0.28,4,NO,NO,"https://www.fiverr.com/shopifycraft0_/design-or-redesign-shopify-dropshipping-ecommerce-store-for-online-sales"
99476359,"design shopify store, shopify website","skyward",IN,level_two_seller,4.9708114,1423,1.72,7,NO,NO,"https://www.fiverr.com/skyward/design-shopify-store-shopify-website"
433126597,"design shopify store, shopify website and dropshipping store","mosharrof_rimon",BD,level_two_seller,4.8825135,2,0.62,5,NO,NO,"https://www.fiverr.com/mosharrof_rimon/design-shopify-store-shopify-website-and-dropshipping-store"
462685264,"design shopify clothing store, shopify clothing website, clothing shopify store","vollarexagency",US,level_one_seller,4.9722223,5,0.28,3,NO,NO,"https://www.fiverr.com/vollarexagency/do-shopify-store-design-shopify-store-redesign-design-redesign-shopify-store"
487332937,"design, develop, redesign or customize your shopify store","sabrinamustarie",BD,level_one_seller,5,7,0.28,3,NO,NO,"https://www.fiverr.com/sabrinamustarie/design-redesign-revamp-or-clone-your-shopify-store-professionally"
503410762,"build shopify website development, design or redesign shopify dropshipping store","dev_forge7",BD,new_seller,5,8,0.28,3,NO,NO,"https://www.fiverr.com/dev_forge7/build-shopify-website-development-design-or-redesign-shopify-dropshipping-store"
484589602,"design shopify store, shopify website or dropshipping store","keshavdeveloper",IN,top_rated_seller,4.957196,2,0.34,3,NO,NO,"https://www.fiverr.com/keshavdeveloper/be-your-shopify-expert-for-shopify-store-design-and-website-development"
424679379,"be your shopify developer for store design, redesign and customization","mujtaba_malik01",PK,level_one_seller,4.888889,27,0.28,2,NO,NO,"https://www.fiverr.com/mujtaba_malik01/be-shopify-expert-and-developer-for-custom-coding"
128246963,"design shopify store and shopify website","rashidnaeem",PK,new_seller,4.9324617,237,0.34,3,NO,NO,"https://www.fiverr.com/rashidnaeem/design-shopify-store-and-shopify-website"
461113961,"build and redesign shopify store, shopify dropshipping store as shopify expert","ayinde225",CI,new_seller,5,5,0.29,3,NO,NO,"https://www.fiverr.com/ayinde225/build-and-design-a-professional-shopify-dropshipping-store-ready-to-sell"
41173260,"develop a shopify store","challenging",PK,new_seller,4.9615912,31,0.34,2,NO,NO,"https://www.fiverr.com/challenging/create-a-shopify-store-for-your-business"
322236778,"build shopify store, shopify website, dropshipping store","hskconsultancy",PK,new_seller,4.7126436,3,0.28,3,NO,NO,"https://www.fiverr.com/hskconsultancy/convert-bank-statement-to-excel-for-tax-purpose"
453237406,"design shopify website, shopify store, dropshipping store","alexandra1232",PK,level_two_seller,4.814184,9,0.28,3,NO,NO,"https://www.fiverr.com/alexandra1232/design-shopify-website-shopify-store-dropshipping-store"
262241404,"design shopify dropshipping store, shopify store or shopify website","mr_dropshipping",PK,new_seller,4.422222,8,0.28,3,NO,NO,"https://www.fiverr.com/mr_dropshipping/design-shopify-dropshipping-store-shopify-store-or-shopify-website"
288162763,"build a shopify ecommerce store","akshay_sihag",IN,new_seller,4.8784065,5,0.5,4,NO,NO,"https://www.fiverr.com/akshay_sihag/build-a-passive-income-shopify-dropshipping-store-or-website"
449807269,"urgently build shopify store or dropshipping ecommerce store","sajjad_alam72",PK,top_rated_seller,4.8898187,564,0.34,3,NO,NO,"https://www.fiverr.com/sajjad_alam72/urgently-build-shopify-store-or-dropshipping-ecommerce-store"
505218177,"design or redesign shopify website, shopify dropshipping, shopify store design","hez_biz",LK,new_seller,5,9,0.28,2,NO,NO,"https://www.fiverr.com/hez_biz/design-or-redesign-shopify-website-shopify-dropshipping-shopify-store-design"
476880013,"build shopify store, design and redesign shopify store, shopify dropshipping","ddommanuel",NG,level_one_seller,4.977778,15,0.28,3,NO,NO,"https://www.fiverr.com/ddommanuel/do-shopify-store-development-shopify-store-design-shopify-store-development"
154338540,"design shopify website , shopify store","sonjoymintu",BD,top_rated_seller,4.8825397,20,0.34,5,NO,NO,"https://www.fiverr.com/sonjoymintu/design-shopify-website-shopify-store"
292348927,"do shopify store design, build shopify dropshipping store, shopify website","ayoolasuccess",NG,level_two_seller,4.9310346,20,0.28,3,NO,NO,"https://www.fiverr.com/ayoolasuccess/create-7-figure-shopify-dropshipping-store-shopify-website-design-shopify-store"
502846618,"build shopify store design, shopify website, shopify dropshipping store","code_novus",BD,new_seller,5,4,0.29,3,NO,NO,"https://www.fiverr.com/code_novus/build-shopify-store-shopify-app-development-design-redesign-shopify-website"
148936437,"design best shopify store, shopify website","wd_com_3",BD,level_two_seller,4.9074073,20,0.28,2,NO,NO,"https://www.fiverr.com/wd_com_3/fix-any-bug-theme-customization-on-your-shopify-store"
447867596,"do shopify store design, shopify dropshipping store, shopify website","huzaifa_joyia",PK,new_seller,4.9134197,1,0.28,2,NO,NO,"https://www.fiverr.com/huzaifa_joyia/do-shopify-store-design-shopify-dropshipping-store-shopify-website"
502856057,"develop shopify store design redesign shopify store development website design","ashir_azhar",PK,level_one_seller,5,19,0.28,2,NO,NO,"https://www.fiverr.com/ashir_azhar/develop-shopify-store-design-redesign-shopify-store-development-website-design"
146926423,"revamp shopify store, shopify store redesign","proven_pro",BD,level_two_seller,5,5,0.34,5,NO,NO,"https://www.fiverr.com/proven_pro/setup-and-manage-your-shopify-store-shopify-website"
490539244,"build shopify website design, shopify redesign, and dropshipping online store","shopy_store_",BD,level_one_seller,5,5,0.29,3,NO,NO,"https://www.fiverr.com/shopy_store_/build-shopify-website-design-shopify-redesign-and-dropshipping-online-store"